# 视图简介

视图是一种虚拟表，是从一个或多个表中导出来的表。也可以从已经存在的视图的基础上定义。  
如果表结构发生变化，可以修改视图兼容，不影响使用视图的一方。  
MySQL不支持输入参数视图。

视图作用
* 使操作简单化
* 增加数据安全性
* 提高表的逻辑独立性，即表变化通过调整视图对用户透明。

# 创建视图

* 创建语法

        create [algorithm = {undefined|merge|temptable}]
        view 视图名 [(属性清单)]
        as select语句
        [with [cascaded|local] check option];

        algorithm 可选，指定视图选择的算法。
            undefined 自动选择要使用的算法。
            merge 使用视图的语句和定义视图的语句合并起来，使得视图定义的某一部分语句取代使用语句的对应部分。
            temptable 将试图结果存入临时表，然后在临时表上执行语句。
        视图名 视图的名称。
        属性清单 可选，指定视图的字段列，默认与select语句查询的属性列表相同。
        select语句 视图查询语句。
        with check option 可选，表示更新视图要保证在该视图权限范围内。
            cascaded 可选，表示更新视图时要满足所有相关视图和比表的条件，该参数为默认。
            local 可选，表示更新视图时只要满足该视图本身定义的条件即可。

    **技巧**  
    创建视图最好加上with cascaded check option参数，这样从视图派生出来新视图后，更新新视图需要考虑父视图的约束条件。  
    这种方式比较严格，可以保证数据的安全性。

    创建视图需要有create view权限。同时应该有涉及到列的select权限。  
    可以从mysql数据库下的user表中查询如下

        mysql> select user, Select_priv, Create_view_priv from user;
        +---------------+-------------+------------------+
        | user          | Select_priv | Create_view_priv |
        +---------------+-------------+------------------+
        | root          | Y           | Y                |
        | mysql.session | N           | N                |
        | mysql.sys     | N           | N                |
        | root          | Y           | Y                |
        +---------------+-------------+------------------+

* 在单表上创建视图

        // 不指定视图字段名
        mysql> create view department_view_a
            -> as select * from department;
        Query OK, 0 rows affected (0.01 sec)

        mysql> show tables;
        +-------------------+
        | Tables_in_tempdb  |
        +-------------------+
        | data_type1        |
        | data_type2        |
        | data_type3        |
        | data_type4        |
        | data_type5        |
        | department        |
        | department_view_a |
        | employee          |
        | product           |
        | user              |
        +-------------------+

        mysql> desc department_view_a;
        +-------------+-------------+------+-----+---------------------+-------+
        | Field       | Type        | Null | Key | Default             | Extra |
        +-------------+-------------+------+-----+---------------------+-------+
        | id          | int(11)     | NO   |     | 0                   |       |
        | num         | char(8)     | NO   |     | NULL                |       |
        | name        | varchar(32) | NO   |     | NULL                |       |
        | create_time | datetime    | NO   |     | 0000-00-00 00:00:00 |       |
        +-------------+-------------+------+-----+---------------------+-------+

        // 指定视图字段名
        mysql> create view department_view_b (dept_id, dept_num, dept_name)
            -> as select id, num, name from department;
        Query OK, 0 rows affected (0.00 sec)

        mysql> show tables;
        +-------------------+
        | Tables_in_tempdb  |
        +-------------------+
        | data_type1        |
        | data_type2        |
        | data_type3        |
        | data_type4        |
        | data_type5        |
        | department        |
        | department_view_a |
        | department_view_b |
        | employee          |
        | product           |
        | user              |
        +-------------------+
        11 rows in set (0.00 sec)

        mysql> desc department_view_b;
        +-----------+-------------+------+-----+---------+-------+
        | Field     | Type        | Null | Key | Default | Extra |
        +-----------+-------------+------+-----+---------+-------+
        | dept_id   | int(11)     | NO   |     | 0       |       |
        | dept_num  | char(8)     | NO   |     | NULL    |       |
        | dept_name | varchar(32) | NO   |     | NULL    |       |
        +-----------+-------------+------+-----+---------+-------+

* 在多表上创建视图

        mysql> create view department_view_m (dept_id, dept_num, dept_name, emp_num, emp_name)
            -> as
            -> select dept.id, dept.num, dept.name, emp.num, emp.name
            -> from department dept, employee emp
            -> where dept.id = emp.dept_id;
        Query OK, 0 rows affected (0.00 sec)

        mysql> show tables;
        +-------------------+
        | Tables_in_tempdb  |
        +-------------------+
        | data_type1        |
        | data_type2        |
        | data_type3        |
        | data_type4        |
        | data_type5        |
        | department        |
        | department_view_a |
        | department_view_b |
        | department_view_m |
        | employee          |
        | product           |
        | user              |
        +-------------------+
        12 rows in set (0.00 sec)

        mysql> desc department_view_m;
        +-----------+-------------+------+-----+---------+-------+
        | Field     | Type        | Null | Key | Default | Extra |
        +-----------+-------------+------+-----+---------+-------+
        | dept_id   | int(11)     | NO   |     | 0       |       |
        | dept_num  | char(8)     | NO   |     | NULL    |       |
        | dept_name | varchar(32) | NO   |     | NULL    |       |
        | emp_num   | char(8)     | NO   |     | NULL    |       |
        | emp_name  | varchar(32) | NO   |     | NULL    |       |
        +-----------+-------------+------+-----+---------+-------+

        mysql> select * from department_view_m;
        +---------+----------+-----------+---------+----------+
        | dept_id | dept_num | dept_name | emp_num | emp_name |
        +---------+----------+-----------+---------+----------+
        |       8 | 001      | 技术部     | aaa     | 张三      |
        |       8 | 001      | 技术部     | bbb     | 李四      |
        |       8 | 001      | 技术部     | ccc     | 王五      |
        |       8 | 001      | 技术部     | ddd     | 王五      |
        +---------+----------+-----------+---------+----------+

# 查看视图

    // desc 查看视图
    mysql> desc department_view_b;
    +-----------+-------------+------+-----+---------+-------+
    | Field     | Type        | Null | Key | Default | Extra |
    +-----------+-------------+------+-----+---------+-------+
    | dept_id   | int(11)     | NO   |     | 0       |       |
    | dept_num  | char(8)     | NO   |     | NULL    |       |
    | dept_name | varchar(32) | NO   |     | NULL    |       |
    +-----------+-------------+------+-----+---------+-------+

    // show table status 查看视图
    // 很少使用
    mysql> show table status like 'department_view_b' \G
    *************************** 1. row ***************************
            Name: department_view_b
            Engine: NULL
            Version: NULL
        Row_format: NULL
            Rows: NULL
    Avg_row_length: NULL
        Data_length: NULL
    Max_data_length: NULL
    Index_length: NULL
        Data_free: NULL
    Auto_increment: NULL
        Create_time: NULL
        Update_time: NULL
        Check_time: NULL
        Collation: NULL
        Checksum: NULL
    Create_options: NULL
            Comment: VIEW // 表示是视图
    1 row in set (0.00 sec)

    mysql> show table status like 'department' \G
    *************************** 1. row ***************************
            Name: department
            Engine: InnoDB
            Version: 10
        Row_format: Dynamic
            Rows: 2
    Avg_row_length: 8192
        Data_length: 16384
    Max_data_length: 0
    Index_length: 16384
        Data_free: 0
    Auto_increment: 21
        Create_time: 2017-11-20 11:07:45
        Update_time: NULL
        Check_time: NULL
        Collation: utf8_general_ci
        Checksum: NULL
    Create_options:
            Comment: // 表示是表
    1 row in set (0.00 sec)

    // show create view 查看视图
    // 最常使用，显示信息最全
    mysql> show create view department_view_b \G
    CREATE ALGORITHM=UNDEFINED DEFINER=`root`@`localhost` SQL SECURITY DEFINER VIEW `department_view_b` 
    AS select `department`.`id` AS `dept_id`,`department`.`num` AS `dept_num`,`department`.`name` AS `dept_name` from `department`
    character_set_client: utf8
    collation_connection: utf8_general_ci

    // information_schema.views 查看视图
    mysql> select * from information_schema.views where table_name = 'department_view_b' \G
    *************************** 1. row ***************************
        TABLE_CATALOG: def
            TABLE_SCHEMA: tempdb
            TABLE_NAME: department_view_b
        VIEW_DEFINITION: select `tempdb`.`department`.`id` AS `dept_id`,`tempdb`.`department`.`num` AS `dept_num`,`tempdb`.`department`.`name` AS `dept_name` from `tempdb`.`department`
            CHECK_OPTION: NONE
            IS_UPDATABLE: YES
                DEFINER: root@localhost
        SECURITY_TYPE: DEFINER
    CHARACTER_SET_CLIENT: utf8
    COLLATION_CONNECTION: utf8_general_ci
    1 row in set (0.00 sec)

# 修改视图

* create or replace 修改视图

        // create or replace 修改视图
        // 存在修改，不存在创建
        create or replace [algorithm = {undefined|merge|temptable}]
        view 视图名 [(属性清单)]
        as select语句
        [with [cascaded|local] check option];

        mysql> create or replace algorithm = merge view department_view_b (dept_num, dept_name)
            -> as select num, name from department
            -> with cascaded check option;

        mysql> show create view department_view_b \G
        *************************** 1. row ***************************
                        View: department_view_b
                Create View: CREATE ALGORITHM=MERGE DEFINER=`root`@`localhost` SQL SECURITY DEFINER VIEW `department_view_b` AS select `department`.`num` AS `dept_num`,`department`.`name` AS `dept_name` from `department` WITH CASCADED CHECK OPTION
        character_set_client: utf8
        collation_connection: utf8_general_ci

* alter 修改视图

        // alter 修改视图
        // 只能修改已经存在的
        alter [algorithm = {undefined|merge|temptable}]
        view 视图名 [(属性清单)]
        as select语句
        [with [cascaded|local] check option];

        mysql> alter algorithm = merge view department_view_b (dept_id, dept_num, dept_name)
            -> as select id, num, name from department
            -> with cascaded check option;
        Query OK, 0 rows affected (0.00 sec)

        mysql> show create view department_view_b \G
        *************************** 1. row ***************************
                        View: department_view_b
                Create View: CREATE ALGORITHM=MERGE DEFINER=`root`@`localhost` SQL SECURITY DEFINER VIEW `department_view_b` AS select `department`.`id` AS `dept_id`,`department`.`num` AS `dept_num`,`department`.`name` AS `dept_name` from `department` WITH CASCADED CHECK OPTION
        character_set_client: utf8
        collation_connection: utf8_general_ci
        1 row in set (0.00 sec)

# 更新视图

更新视图是指通过视图来插入，更新，删除表中的数据。

    // 创建视图
    mysql> create algorithm = merge view department_view (dept_id, dept_num, dept_name)
        -> as
        -> select id, num, name from department
        -> with cascaded check option;
    Query OK, 0 rows affected (0.00 sec)

    mysql> select * from department_view;
    +---------+----------+-----------+
    | dept_id | dept_num | dept_name |
    +---------+----------+-----------+
    |       8 | 001      | 技术部    |
    |       9 | 002      | 产品部    |
    |      20 | 003      | 运营部    |
    +---------+----------+-----------+
    3 rows in set (0.00 sec)

    mysql> select * from department;
    +----+-----+-----------+---------------------+
    | id | num | name      | create_time         |
    +----+-----+-----------+---------------------+
    |  8 | 001 | 技术部    | 2017-11-20 11:27:35 |
    |  9 | 002 | 产品部    | 2017-11-20 11:28:30 |
    | 20 | 003 | 运营部    | 2017-11-20 11:28:54 |
    +----+-----+-----------+---------------------+
    3 rows in set (0.00 sec)

    // 更新视图
    mysql> update department_view set dept_num = '222', dept_name = 'xxx' where dept_id = 9;
    Query OK, 1 row affected (0.00 sec)
    Rows matched: 1  Changed: 1  Warnings: 0

    mysql> select * from department_view;
    +---------+----------+-----------+
    | dept_id | dept_num | dept_name |
    +---------+----------+-----------+
    |       8 | 001      | 技术部    |
    |       9 | 222      | xxx      |
    |      20 | 003      | 运营部    |
    +---------+----------+-----------+
    3 rows in set (0.00 sec)

    mysql> select * from department;
    +----+-----+-----------+---------------------+
    | id | num | name      | create_time         |
    +----+-----+-----------+---------------------+
    |  8 | 001 | 技术部    | 2017-11-20 11:27:35 |
    |  9 | 222 | xxx      | 2017-11-20 11:28:30 |
    | 20 | 003 | 运营部    | 2017-11-20 11:28:54 |
    +----+-----+-----------+---------------------+

**以下几种情况不能更新视图**

1. 视图中包含聚合函数sum(), count(), max(), min()等。
2. 视图中包含union, union all, distinct, group by, having等关键字。
3. 常量视图。
4. 视图的select中包含子查询。
5. 由不可更新的视图导出的视图。
6. 创建视图时algorithm为temptable，系统默认临时不能更新。
7. 视图对应的表上存在没有默认值的列，而且该列没有包含在视图中。

除了上述条件，[with [cascaded|local] check option]也决定视图能否更新。

# 删除视图

    // 语法
    drop view if exists 视图名列表 [restrict|cascade]

    if exists 存在删除，不存在不执行。
    视图名列表 用逗号分隔。

    mysql> show tables;
    +-------------------+
    | Tables_in_tempdb  |
    +-------------------+
    | data_type1        |
    | data_type2        |
    | data_type3        |
    | data_type4        |
    | data_type5        |
    | department        |
    | department_view   |
    | department_view_a |
    | department_view_b |
    | department_view_m |
    | employee          |
    | product           |
    | user              |
    +-------------------+
    13 rows in set (0.00 sec)

    mysql> drop view if exists department_view_a, department_view_b, department_view_m;
    Query OK, 0 rows affected (0.00 sec)

    mysql> show tables;
    +------------------+
    | Tables_in_tempdb |
    +------------------+
    | data_type1       |
    | data_type2       |
    | data_type3       |
    | data_type4       |
    | data_type5       |
    | department       |
    | department_view  |
    | employee         |
    | product          |
    | user             |
    +------------------+
    10 rows in set (0.00 sec)

删除视图需要有drop权限。

    mysql> select user, Drop_priv from mysql.user;
    +---------------+-----------+
    | user          | Drop_priv |
    +---------------+-----------+
    | root          | Y         |
    | mysql.session | N         |
    | mysql.sys     | N         |
    | root          | Y         |
    +---------------+-----------+
    4 rows in set (0.00 sec)


# 完。
