# 插入数据

* 插入所有字段

        mysql> desc user;
        +-------------+-------------+------+-----+-------------------+----------------+
        | Field       | Type        | Null | Key | Default           | Extra          |
        +-------------+-------------+------+-----+-------------------+----------------+
        | id          | int(11)     | NO   | PRI | NULL              | auto_increment |
        | num         | char(8)     | NO   | UNI | NULL              |                |
        | name        | varchar(32) | NO   | MUL | NULL              |                |
        | age         | int(11)     | NO   | MUL | NULL              |                |
        | height      | int(11)     | NO   |     | NULL              |                |
        | memo        | text        | YES  |     | NULL              |                |
        | create_time | datetime    | NO   |     | CURRENT_TIMESTAMP |                |
        +-------------+-------------+------+-----+-------------------+----------------+
        7 rows in set (0.00 sec)

        mysql> select * from user;
        Empty set (0.00 sec)

        // 不指定字段名，插入全部字段
        mysql> insert into user values (1, '001', '张三', 20, 175, '我是一名学生。', now());
        Query OK, 1 row affected (0.01 sec)

        mysql> select * from user;
        +----+-----+--------+-----+--------+-----------------------+---------------------+
        | id | num | name   | age | height | memo                  | create_time         |
        +----+-----+--------+-----+--------+-----------------------+---------------------+
        |  1 | 001 | 张三   |  20 |    175 | 我是一名学生。           | 2017-11-23 10:29:45 |
        +----+-----+--------+-----+--------+-----------------------+---------------------+
        1 row in set (0.00 sec)

        // 指定全部字段名，插入全部字段
        mysql> insert into user(id, num, name, age, height, memo, create_time) values (2, '002', '李四', 20, 175, '我是一名老师。', now());
        Query OK, 1 row affected (0.00 sec)

        mysql> select * from user;
        +----+-----+--------+-----+--------+-----------------------+---------------------+
        | id | num | name   | age | height | memo                  | create_time         |
        +----+-----+--------+-----+--------+-----------------------+---------------------+
        |  1 | 001 | 张三   |  20 |    175 | 我是一名学生。           | 2017-11-23 10:29:45 |
        |  2 | 002 | 李四   |  20 |    175 | 我是一名老师。           | 2017-11-23 10:32:58 |
        +----+-----+--------+-----+--------+-----------------------+---------------------+
        2 rows in set (0.00 sec)

* 插入部分字段

        // 指定部分字段名，插入部分字段
        mysql> insert into user(num, name, age, height) values ('003', '王五', 30, 180);
        Query OK, 1 row affected (0.00 sec)

        mysql> select * from user;
        +----+-----+--------+-----+--------+-----------------------+---------------------+
        | id | num | name   | age | height | memo                  | create_time         |
        +----+-----+--------+-----+--------+-----------------------+---------------------+
        |  1 | 001 | 张三   |  20 |    175 | 我是一名学生。           | 2017-11-23 10:29:45 |
        |  2 | 002 | 李四   |  20 |    175 | 我是一名老师。           | 2017-11-23 10:32:58 |
        |  3 | 003 | 王五   |  30 |    180 | NULL                   | 2017-11-23 10:35:39 |
        +----+-----+--------+-----+--------+-----------------------+---------------------+
        3 rows in set (0.00 sec)

* 同时插入多条记录

        mysql> insert into user(num, name, age, height) values
        -> ('004', '赵六', 30, 180),
        -> ('005', '马七', 30, 180),
        -> ('006', '羊八', 30, 180);
        Query OK, 3 rows affected (0.00 sec)
        Records: 3  Duplicates: 0  Warnings: 0

        mysql> select * from user;
        +----+-----+--------+-----+--------+-----------------------+---------------------+
        | id | num | name   | age | height | memo                  | create_time         |
        +----+-----+--------+-----+--------+-----------------------+---------------------+
        |  1 | 001 | 张三   |  20 |    175 | 我是一名学生。           | 2017-11-23 10:29:45 |
        |  2 | 002 | 李四   |  20 |    175 | 我是一名老师。           | 2017-11-23 10:32:58 |
        |  3 | 003 | 王五   |  30 |    180 | NULL                   | 2017-11-23 10:35:39 |
        |  4 | 004 | 赵六   |  30 |    180 | NULL                   | 2017-11-23 10:40:40 |
        |  5 | 005 | 马七   |  30 |    180 | NULL                   | 2017-11-23 10:40:40 |
        |  6 | 006 | 羊八   |  30 |    180 | NULL                   | 2017-11-23 10:40:40 |
        +----+-----+--------+-----+--------+-----------------------+---------------------+
        6 rows in set (0.00 sec)

* 将查询结果插入到表中

        mysql> select * from user;
        +----+-----+--------+-----+--------+-----------------------+---------------------+
        | id | num | name   | age | height | memo                  | create_time         |
        +----+-----+--------+-----+--------+-----------------------+---------------------+
        |  1 | 001 | 张三   |  20 |    175 | 我是一名学生。           | 2017-11-23 10:29:45 |
        |  2 | 002 | 李四   |  20 |    175 | 我是一名老师。           | 2017-11-23 10:32:58 |
        |  3 | 003 | 王五   |  30 |    180 | NULL                   | 2017-11-23 10:35:39 |
        |  4 | 004 | 赵六   |  30 |    180 | NULL                   | 2017-11-23 10:40:40 |
        |  5 | 005 | 马七   |  30 |    180 | NULL                   | 2017-11-23 10:40:40 |
        |  6 | 006 | 羊八   |  30 |    180 | NULL                   | 2017-11-23 10:40:40 |
        +----+-----+--------+-----+--------+-----------------------+---------------------+
        6 rows in set (0.00 sec)

        mysql> select * from user_bak;
        Empty set (0.01 sec)

        mysql> insert into user_bak (id, num, name, age, height)
        -> select id, num, name, age, height from user where age > 20;
        Query OK, 4 rows affected (0.00 sec)
        Records: 4  Duplicates: 0  Warnings: 0

        mysql> select * from user_bak;
        +----+-----+--------+-----+--------+------+---------------------+
        | id | num | name   | age | height | memo | create_time         |
        +----+-----+--------+-----+--------+------+---------------------+
        |  3 | 003 | 王五   |  30 |    180 | NULL  | 2017-11-23 10:48:43 |
        |  4 | 004 | 赵六   |  30 |    180 | NULL  | 2017-11-23 10:48:43 |
        |  5 | 005 | 马七   |  30 |    180 | NULL  | 2017-11-23 10:48:43 |
        |  6 | 006 | 羊八   |  30 |    180 | NULL  | 2017-11-23 10:48:43 |
        +----+-----+--------+-----+--------+------+---------------------+
        4 rows in set (0.00 sec)

# 更新数据

        mysql> select * from user;
        +----+-----+--------+-----+--------+-----------------------+---------------------+
        | id | num | name   | age | height | memo                  | create_time         |
        +----+-----+--------+-----+--------+-----------------------+---------------------+
        |  1 | 001 | 张三   |  20 |    175 | 我是一名学生。        | 2017-11-23 10:29:45 |
        |  2 | 002 | 李四   |  20 |    175 | 我是一名老师。        | 2017-11-23 10:32:58 |
        |  3 | 003 | 王五   |  30 |    180 | NULL                  | 2017-11-23 10:35:39 |
        |  4 | 004 | 赵六   |  30 |    180 | NULL                  | 2017-11-23 10:40:40 |
        |  5 | 005 | 马七   |  30 |    180 | NULL                  | 2017-11-23 10:40:40 |
        |  6 | 006 | 羊八   |  30 |    180 | NULL                  | 2017-11-23 10:40:40 |
        +----+-----+--------+-----+--------+-----------------------+---------------------+
        6 rows in set (0.00 sec)

        // 更新操作会同时更新多条记录
        // 最好先用查询语句确定一下条件是否正确
        mysql> update user set
        -> height = 160,
        -> memo = null
        -> where age < 30;
        Query OK, 2 rows affected (0.00 sec)
        Rows matched: 2  Changed: 2  Warnings: 0

        mysql> select * from user;
        +----+-----+--------+-----+--------+------+---------------------+
        | id | num | name   | age | height | memo | create_time         |
        +----+-----+--------+-----+--------+------+---------------------+
        |  1 | 001 | 张三   |  20 |    160 | NULL | 2017-11-23 10:29:45 |
        |  2 | 002 | 李四   |  20 |    160 | NULL | 2017-11-23 10:32:58 |
        |  3 | 003 | 王五   |  30 |    180 | NULL | 2017-11-23 10:35:39 |
        |  4 | 004 | 赵六   |  30 |    180 | NULL | 2017-11-23 10:40:40 |
        |  5 | 005 | 马七   |  30 |    180 | NULL | 2017-11-23 10:40:40 |
        |  6 | 006 | 羊八   |  30 |    180 | NULL | 2017-11-23 10:40:40 |
        +----+-----+--------+-----+--------+------+---------------------+
        6 rows in set (0.00 sec)

# 删除数据

        mysql> select * from user;
        +----+-----+--------+-----+--------+------+---------------------+
        | id | num | name   | age | height | memo | create_time         |
        +----+-----+--------+-----+--------+------+---------------------+
        |  1 | 001 | 张三   |  20 |    160 | NULL | 2017-11-23 10:29:45 |
        |  2 | 002 | 李四   |  20 |    160 | NULL | 2017-11-23 10:32:58 |
        |  3 | 003 | 王五   |  30 |    180 | NULL | 2017-11-23 10:35:39 |
        |  4 | 004 | 赵六   |  30 |    180 | NULL | 2017-11-23 10:40:40 |
        |  5 | 005 | 马七   |  30 |    180 | NULL | 2017-11-23 10:40:40 |
        |  6 | 006 | 羊八   |  30 |    180 | NULL | 2017-11-23 10:40:40 |
        +----+-----+--------+-----+--------+------+---------------------+
        6 rows in set (0.00 sec)

        // 删除和更新一样，操作会同时删除多条记录
        // 最好先用查询语句确定一下条件是否正确
        mysql> delete from user  where age < 30;
        Query OK, 2 rows affected (0.00 sec)

        mysql> select * from user;
        +----+-----+--------+-----+--------+------+---------------------+
        | id | num | name   | age | height | memo | create_time         |
        +----+-----+--------+-----+--------+------+---------------------+
        |  3 | 003 | 王五   |  30 |    180 | NULL | 2017-11-23 10:35:39 |
        |  4 | 004 | 赵六   |  30 |    180 | NULL | 2017-11-23 10:40:40 |
        |  5 | 005 | 马七   |  30 |    180 | NULL | 2017-11-23 10:40:40 |
        |  6 | 006 | 羊八   |  30 |    180 | NULL | 2017-11-23 10:40:40 |
        +----+-----+--------+-----+--------+------+---------------------+
        4 rows in set (0.00 sec)

# 完。



