# 算术运算符

    +           加法
    -           减法
    *           乘法
    /           除法
    div         除法，同/
    %           求余
    mod         求余，同%

    其中除法和求余运算符如果除数为0或NULL时，结果就是NULL。

示例

        mysql> select * from user;
        +----+-----+--------+-----+--------+------+---------------------+
        | id | num | name   | age | height | memo | create_time         |
        +----+-----+--------+-----+--------+------+---------------------+
        |  3 | 003 | 王五   |  30 |    180 | NULL | 2017-11-23 10:35:39 |
        |  4 | 004 | 赵六   |  30 |    180 | NULL | 2017-11-23 10:40:40 |
        |  5 | 005 | 马七   |  30 |    180 | NULL | 2017-11-23 10:40:40 |
        |  6 | 006 | 羊八   |  30 |    180 | NULL | 2017-11-23 10:40:40 |
        +----+-----+--------+-----+--------+------+---------------------+
        4 rows in set (0.00 sec)

        mysql> select name, age + 10 as new_age from user;
        +--------+---------+
        | name   | new_age |
        +--------+---------+
        | 王五   |      40 |
        | 赵六   |      40 |
        | 马七   |      40 |
        | 羊八   |      40 |
        +--------+---------+
        4 rows in set (0.00 sec)

        mysql> select name, age - 10 as new_age from user;
        +--------+---------+
        | name   | new_age |
        +--------+---------+
        | 王五   |      20 |
        | 赵六   |      20 |
        | 马七   |      20 |
        | 羊八   |      20 |
        +--------+---------+
        4 rows in set (0.00 sec)

        mysql> select name, age * 10 as new_age from user;
        +--------+---------+
        | name   | new_age |
        +--------+---------+
        | 王五   |     300 |
        | 赵六   |     300 |
        | 马七   |     300 |
        | 羊八   |     300 |
        +--------+---------+
        4 rows in set (0.00 sec)

        mysql> select name, age / 10 as new_age from user;
        +--------+---------+
        | name   | new_age |
        +--------+---------+
        | 王五   |  3.0000 |
        | 赵六   |  3.0000 |
        | 马七   |  3.0000 |
        | 羊八   |  3.0000 |
        +--------+---------+
        4 rows in set (0.00 sec)

        mysql> select name, age div 10 as new_age from user;
        +--------+---------+
        | name   | new_age |
        +--------+---------+
        | 王五   |       3 |
        | 赵六   |       3 |
        | 马七   |       3 |
        | 羊八   |       3 |
        +--------+---------+
        4 rows in set (0.00 sec)

        mysql> select name, age % 7 as new_age from user;
        +--------+---------+
        | name   | new_age |
        +--------+---------+
        | 王五   |       2 |
        | 赵六   |       2 |
        | 马七   |       2 |
        | 羊八   |       2 |
        +--------+---------+
        4 rows in set (0.00 sec)

        mysql> select name, age mod 7 as new_age from user;
        +--------+---------+
        | name   | new_age |
        +--------+---------+
        | 王五   |       2 |
        | 赵六   |       2 |
        | 马七   |       2 |
        | 羊八   |       2 |
        +--------+---------+
        4 rows in set (0.00 sec)

        mysql> select name, age / 0 as new_age from user;
        +--------+---------+
        | name   | new_age |
        +--------+---------+
        | 王五   |    NULL |
        | 赵六   |    NULL |
        | 马七   |    NULL |
        | 羊八   |    NULL |
        +--------+---------+
        4 rows in set (0.00 sec)

        mysql> select name, age / NULL as new_age from user;
        +--------+---------+
        | name   | new_age |
        +--------+---------+
        | 王五   |    NULL |
        | 赵六   |    NULL |
        | 马七   |    NULL |
        | 羊八   |    NULL |
        +--------+---------+
        4 rows in set (0.00 sec)

        mysql> select name, age div 0 as new_age from user;
        +--------+---------+
        | name   | new_age |
        +--------+---------+
        | 王五   |    NULL |
        | 赵六   |    NULL |
        | 马七   |    NULL |
        | 羊八   |    NULL |
        +--------+---------+
        4 rows in set (0.00 sec)

        mysql> select name, age div NULL as new_age from user;
        +--------+---------+
        | name   | new_age |
        +--------+---------+
        | 王五   |    NULL |
        | 赵六   |    NULL |
        | 马七   |    NULL |
        | 羊八   |    NULL |
        +--------+---------+
        4 rows in set (0.00 sec)
        
        mysql> select name, age % 0 as new_age from user;
        +--------+---------+
        | name   | new_age |
        +--------+---------+
        | 王五   |    NULL |
        | 赵六   |    NULL |
        | 马七   |    NULL |
        | 羊八   |    NULL |
        +--------+---------+
        4 rows in set (0.00 sec)

        mysql> select name, age % NULL as new_age from user;
        +--------+---------+
        | name   | new_age |
        +--------+---------+
        | 王五   |    NULL |
        | 赵六   |    NULL |
        | 马七   |    NULL |
        | 羊八   |    NULL |
        +--------+---------+
        4 rows in set (0.00 sec)

        mysql> select name, age mod 0 as new_age from user;
        +--------+---------+
        | name   | new_age |
        +--------+---------+
        | 王五   |    NULL |
        | 赵六   |    NULL |
        | 马七   |    NULL |
        | 羊八   |    NULL |
        +--------+---------+
        4 rows in set (0.00 sec)

        mysql> select name, age mod NULL as new_age from user;
        +--------+---------+
        | name   | new_age |
        +--------+---------+
        | 王五   |    NULL |
        | 赵六   |    NULL |
        | 马七   |    NULL |
        | 羊八   |    NULL |
        +--------+---------+
        4 rows in set (0.00 sec)

# 比较运算符

    =                   等于，不能用来判断NULL值
    != <>               不等于，不能用来判断NULL值
    <=>                 等于，可以用来判断NULL值
    >                   大于，不能用来判断NULL值
    >=                  大于等于，不能用来判断NULL值
    <                   小于，不能用来判断NULL值
    <=                  小于等于，不能用来判断NULL值
    is null             是否为NULL
    is not null         是否不为NULL
    between and         在...之间
    in                  在...范围内，不能用来判断NULL值
    like                模糊匹配
    regexp              正则匹配

    其中NULL不能用来比较，会返回NULL。
    <=> 可以用来比较NULL。

示例

        mysql> select 1 = NULL;
        +----------+
        | 1 = NULL |
        +----------+
        |     NULL |
        +----------+
        1 row in set (0.00 sec)

        mysql> select 1 != NULL;
        +-----------+
        | 1 != NULL |
        +-----------+
        |      NULL |
        +-----------+
        1 row in set (0.00 sec)

        mysql> select 1 <> NULL;
        +-----------+
        | 1 <> NULL |
        +-----------+
        |      NULL |
        +-----------+
        1 row in set (0.00 sec)

        mysql> select 1 <=> NULL;
        +------------+
        | 1 <=> NULL |
        +------------+
        |          0 |
        +------------+
        1 row in set (0.00 sec)

        mysql> select NULL <=> NULL;
        +---------------+
        | NULL <=> NULL |
        +---------------+
        |             1 |
        +---------------+
        1 row in set (0.00 sec)

        mysql> select NULL in(1, NULL);
        +------------------+
        | NULL in(1, NULL) |
        +------------------+
        |             NULL |
        +------------------+
        1 row in set (0.00 sec)

        mysql> select 1 in(1, NULL);
        +---------------+
        | 1 in(1, NULL) |
        +---------------+
        |             1 |
        +---------------+
        1 row in set (0.00 sec)

# 逻辑运算符

    && and              逻辑与
                        任何一个操作数为0结果为0
                        所有操作数为1结果为1
                        操作数存在NULL且其他都为1结果为NULL

    || or               逻辑或
                        任何一个操作数为1结果为1
                        所有操作数为0结果为0
                        操作数存在NULL且其他都为0结果为NULL

    !  not              逻辑非
                        操作数0结果1
                        操作数1结果0
                        操作数NULL结果NULL

    xor                 逻辑异或
                        任何一个操作数为NULL结果为NULL
                        操作数全1或全0结果0
                        操作数1和0结果为1

**注意**

        xor 操作数是小数会四舍五入取整后比较。
        其他与或非操作数是小数只要不是0。0都按1算。
        这里有点胡乱，应尽量避免出现小数。

示例

        mysql> select 1 && 1;
        +--------+
        | 1 && 1 |
        +--------+
        |      1 |
        +--------+
        1 row in set (0.00 sec)

        mysql> select 1 && 0;
        +--------+
        | 1 && 0 |
        +--------+
        |      0 |
        +--------+
        1 row in set (0.00 sec)

        mysql> select 1 && null;
        +-----------+
        | 1 && null |
        +-----------+
        |      NULL |
        +-----------+
        1 row in set (0.00 sec)

        mysql> select 0 && null;
        +-----------+
        | 0 && null |
        +-----------+
        |         0 |
        +-----------+
        1 row in set (0.00 sec)

        mysql> select null && null;
        +--------------+
        | null && null |
        +--------------+
        |         NULL |
        +--------------+
        1 row in set (0.00 sec)

        mysql> select 1 || 1;
        +--------+
        | 1 || 1 |
        +--------+
        |      1 |
        +--------+
        1 row in set (0.00 sec)

        mysql> select 1 || 0;
        +--------+
        | 1 || 0 |
        +--------+
        |      1 |
        +--------+
        1 row in set (0.00 sec)

        mysql> select 0 || 0;
        +--------+
        | 0 || 0 |
        +--------+
        |      0 |
        +--------+
        1 row in set (0.00 sec)

        mysql> select 0 || NULL;
        +-----------+
        | 0 || NULL |
        +-----------+
        |      NULL |
        +-----------+
        1 row in set (0.00 sec)

        mysql> select 1 || NULL;
        +-----------+
        | 1 || NULL |
        +-----------+
        |         1 |
        +-----------+
        1 row in set (0.00 sec)

        mysql> select !1;
        +----+
        | !1 |
        +----+
        |  0 |
        +----+
        1 row in set (0.00 sec)

        mysql> select !0;
        +----+
        | !0 |
        +----+
        |  1 |
        +----+
        1 row in set (0.00 sec)

        mysql> select !NULL;
        +-------+
        | !NULL |
        +-------+
        |  NULL |
        +-------+
        1 row in set (0.00 sec)

        mysql> select NULL xor 1;
        +------------+
        | NULL xor 1 |
        +------------+
        |       NULL |
        +------------+
        1 row in set (0.00 sec)

        mysql> select NULL xor NULL;
        +---------------+
        | NULL xor NULL |
        +---------------+
        |          NULL |
        +---------------+
        1 row in set (0.00 sec)

        mysql> select 1 xor 1;
        +---------+
        | 1 xor 1 |
        +---------+
        |       0 |
        +---------+
        1 row in set (0.00 sec)

        mysql> select 0 xor 0;
        +---------+
        | 0 xor 0 |
        +---------+
        |       0 |
        +---------+
        1 row in set (0.00 sec)

        mysql> select 0 xor 1;
        +---------+
        | 0 xor 1 |
        +---------+
        |       1 |
        +---------+
        1 row in set (0.00 sec)

        mysql> select 1 xor 0;
        +---------+
        | 1 xor 0 |
        +---------+
        |       1 |
        +---------+
        1 row in set (0.00 sec)


# 位运算符

    &                   按位与
    |                   按位或
    ~                   按位取反
    ^                   逻按位异或
    <<                  按位左移, 右补0
    >>                  按位右移, 左补0

    位运算符必须先把数值变成二进制数据类型，然后进行位运算，完成后再变回原来的数据类型。

示例

        mysql> select 4 & 2;
        +-------+
        | 4 & 2 |
        +-------+
        |     0 |
        +-------+
        1 row in set (0.00 sec)

        mysql> select 6 & 2;
        +-------+
        | 6 & 2 |
        +-------+
        |     2 |
        +-------+
        1 row in set (0.00 sec)

        mysql> select 4 | 2;
        +-------+
        | 4 | 2 |
        +-------+
        |     6 |
        +-------+
        1 row in set (0.00 sec)

        mysql> select 6 | 2;
        +-------+
        | 6 | 2 |
        +-------+
        |     6 |
        +-------+
        1 row in set (0.00 sec)

        mysql> select ~1;
        +----------------------+
        | ~1                   |
        +----------------------+
        | 18446744073709551614 |
        +----------------------+
        1 row in set (0.00 sec)

        mysql> select ~18446744073709551614;
        +-----------------------+
        | ~18446744073709551614 |
        +-----------------------+
        |                     1 |
        +-----------------------+
        1 row in set (0.00 sec)

        mysql> select bin(4);
        +--------+
        | bin(4) |
        +--------+
        | 100    |
        +--------+

        // MySQL中常量是8个字节，一共64位
        // bin()函数可以查看二进制数
        mysql> select bin(~1);
        +------------------------------------------------------------------+
        | bin(~1)                                                          |
        +------------------------------------------------------------------+
        | 1111111111111111111111111111111111111111111111111111111111111110 |
        +------------------------------------------------------------------+
        1 row in set (0.00 sec)

        mysql> select bin(6);
        +--------+
        | bin(6) |
        +--------+
        | 110    |
        +--------+
        1 row in set (0.00 sec)

        mysql> select bin(8);
        +--------+
        | bin(8) |
        +--------+
        | 1000   |
        +--------+
        1 row in set (0.00 sec)

        mysql> select bin(8 ^ 6);
        +------------+
        | bin(8 ^ 6) |
        +------------+
        | 1110       |
        +------------+
        1 row in set (0.00 sec)

        mysql> select 8 ^ 6;
        +-------+
        | 8 ^ 6 |
        +-------+
        |    14 |
        +-------+
        1 row in set (0.00 sec)

        mysql> select bin(6);
        +--------+
        | bin(6) |
        +--------+
        | 110    |
        +--------+
        1 row in set (0.00 sec)

        mysql> select bin(6<<2);
        +-----------+
        | bin(6<<2) |
        +-----------+
        | 11000     |
        +-----------+
        1 row in set (0.00 sec)

        mysql> select bin(6>>2);
        +-----------+
        | bin(6>>2) |
        +-----------+
        | 1         |
        +-----------+
        1 row in set (0.00 sec)

# 完。